category,Dim1,Dim2
Core,-1.0222006585840067,-0.004352926719000199
Hammerstone,0.5520741046721961,-0.06728576613316194
Unmodified,0.6745898610439726,0.05368864399017242
