site,workflow,n_rows,Dim1_raw_%,Dim2_raw_%,Dim1_adj_%,Dim2_adj_%
HWK EE,main,279,23.07246294905895,16.985751944309605,72.49151422073948,22.275568111002553
HWK EE,sensitivity,279,23.19778866391868,15.023237732891333,65.89498586201412,21.328402888743895
MNK Skull,main,103,19.799386223236162,14.52153016025245,68.26126499622845,18.90463139593711
MNK Skull,sensitivity,103,21.307606888407328,13.117866199676836,64.18727719839002,17.698470065431874
EF-HR,main,109,20.078389229467255,18.344621907151932,49.47710523288868,34.66843927312357
EF-HR,sensitivity,109,23.477936272364463,15.325599211230879,59.02129066145535,20.113854922584164
