category,Dim1,Dim2
Core,-0.6103276823888594,0.07800541260127271
Hammerstone,0.3582522684058609,-0.007146738862462155
Unmodified,0.3818910369245211,-0.07700673357197726
