category,Dim1,Dim2
Core,-0.698985355582513,0.046084171122557985
Hammerstone,0.346577882414226,-0.26107530879506263
Unmodified,0.2949452023434803,0.15439438851114887
