category,Dim1,Dim2
Core,-0.8478716856953138,-0.03430278947517993
Hammerstone,0.20648158936100494,-0.0013294287259446303
Unmodified,0.5138723235788368,0.027856093794073642
