category,Dim1,Dim2
Core,-0.647065908072563,0.12880317553389042
Hammerstone,0.3685158117802473,0.007992442406334564
Unmodified,0.6386628599600735,-0.22591043899672208
