category,Dim1,Dim2
Core,0.05231057141583432,0.29677399179739633
Hammerstone,-0.09188955779094538,-0.12507930487979715
Unmodified,0.023773146726712397,-0.3462743303058757
